"PercentLackOfCohesion","MaxInheritanceTree","CountClassDerived","CountClassCoupled","CountClassBase","HeuBug"
"80","2","3","1","2","FALSE"
"0","4","0","0","1","FALSE"
"0","3","0","0","1","FALSE"
"0","4","0","0","1","FALSE"
"50","3","2","0","1","FALSE"
"0","3","0","0","1","FALSE"
"0","1","0","0","1","FALSE"
"0","1","0","0","1","FALSE"
"0","0","0","0","0","FALSE"
"0","1","0","0","1","FALSE"
"0","0","0","0","0","FALSE"
"0","1","0","0","1","FALSE"
"0","0","0","0","0","FALSE"
"0","1","0","1","1","FALSE"
"0","0","0","0","0","FALSE"
"0","1","0","1","1","FALSE"
"0","0","0","0","0","FALSE"
"0","1","0","1","1","FALSE"
"100","1","0","0","1","FALSE"
"0","1","0","0","1","FALSE"
"0","0","0","0","0","FALSE"
"0","1","0","0","1","FALSE"
"0","1","0","0","1","FALSE"
"0","1","0","0","1","FALSE"
"0","1","0","0","2","FALSE"
"66","1","0","0","1","FALSE"
"0","1","0","0","1","FALSE"
"0","1","0","0","1","FALSE"
"0","1","0","0","1","FALSE"
"0","1","0","0","1","FALSE"
"0","1","0","0","1","FALSE"
"0","1","0","0","1","FALSE"
"0","1","0","0","1","FALSE"
"0","1","0","0","1","FALSE"
"0","1","0","0","1","FALSE"
"0","1","0","0","1","FALSE"
"0","1","0","0","1","FALSE"
"0","1","0","0","1","FALSE"
"0","1","0","0","1","FALSE"
"0","1","0","0","1","FALSE"
"0","1","0","0","1","FALSE"
"0","0","0","0","0","FALSE"
"25","1","0","1","1","FALSE"
"0","1","1","1","1","FALSE"
"0","2","1","0","1","FALSE"
"0","1","0","0","2","FALSE"
"0","1","0","1","1","FALSE"
"75","1","0","1","1","FALSE"
"0","0","0","0","0","FALSE"
"0","1","0","1","1","TRUE"
"70","2","0","4","2","TRUE"
"0","0","0","1","0","FALSE"
"100","1","0","0","1","FALSE"
"100","1","0","0","1","FALSE"
"0","1","0","3","1","FALSE"
"71","1","0","4","1","FALSE"
"0","0","0","0","0","FALSE"
"0","0","0","0","0","FALSE"
"0","0","0","3","0","FALSE"
"0","0","0","0","0","FALSE"
"100","2","1","8","1","FALSE"
"57","2","0","8","1","FALSE"
"42","2","0","7","2","TRUE"
"66","2","0","3","1","FALSE"
"42","2","0","9","1","FALSE"
"0","3","0","5","1","FALSE"
"88","2","3","17","1","FALSE"
"0","3","0","7","1","FALSE"
"0","3","0","7","1","FALSE"
"57","2","0","8","1","FALSE"
"50","2","2","3","2","FALSE"
"62","3","0","7","2","FALSE"
"50","2","9","7","2","FALSE"
"69","2","3","23","3","FALSE"
"0","3","0","8","1","FALSE"
"11","3","0","8","1","FALSE"
"0","3","0","8","1","FALSE"
"42","2","0","10","1","TRUE"
"33","2","0","7","1","FALSE"
"42","2","0","8","2","FALSE"
"0","0","4","1","0","FALSE"
"0","0","5","1","0","FALSE"
"64","2","0","3","2","FALSE"
"0","3","0","7","1","FALSE"
"56","2","0","7","1","FALSE"
"33","2","0","8","1","FALSE"
"0","3","0","11","1","FALSE"
"0","3","0","9","1","FALSE"
"0","3","0","9","1","FALSE"
"0","3","0","10","1","FALSE"
"0","3","0","8","1","FALSE"
"0","3","0","13","1","TRUE"
"71","2","19","19","4","FALSE"
"0","3","0","10","1","FALSE"
"0","3","0","10","1","FALSE"
"33","3","0","12","1","FALSE"
"33","3","0","10","1","FALSE"
"0","3","0","9","1","FALSE"
"0","3","0","9","1","FALSE"
"0","3","0","9","1","FALSE"
"0","3","0","10","1","FALSE"
"0","3","0","10","1","FALSE"
"33","3","0","10","1","FALSE"
"0","3","0","10","1","FALSE"
"0","3","0","10","1","FALSE"
"33","3","0","10","1","FALSE"
"60","2","0","11","1","FALSE"
"58","2","0","13","2","FALSE"
"42","3","0","9","2","FALSE"
"42","3","0","11","2","FALSE"
"37","2","0","12","2","FALSE"
"71","4","0","8","1","FALSE"
"0","4","0","8","1","FALSE"
"0","4","0","8","1","FALSE"
"33","3","3","10","2","FALSE"
"73","2","1","9","2","FALSE"
"50","3","0","11","2","FALSE"
"69","2","0","10","2","FALSE"
"70","3","0","8","2","FALSE"
"33","2","0","7","1","FALSE"
"0","3","0","20","2","TRUE"
"42","3","0","18","2","TRUE"
"63","2","0","8","1","FALSE"
"66","3","0","10","2","TRUE"
"0","3","0","9","2","TRUE"
"0","3","0","9","1","FALSE"
"70","2","0","8","2","TRUE"
"0","3","0","9","2","FALSE"
"0","2","0","9","1","FALSE"
"42","2","0","7","1","FALSE"
"33","2","0","7","1","FALSE"
"94","1","0","24","2","FALSE"
"0","0","1","3","0","FALSE"
"0","2","0","8","3","FALSE"
"0","3","0","9","1","FALSE"
"0","3","0","9","1","FALSE"
"0","3","0","9","4","FALSE"
"0","3","0","8","1","FALSE"
"0","3","0","8","1","FALSE"
"0","3","0","8","1","FALSE"
"72","2","18","12","4","FALSE"
"0","3","0","10","1","FALSE"
"0","3","0","10","1","FALSE"
"33","3","0","10","1","FALSE"
"0","3","0","9","1","FALSE"
"0","3","0","9","1","FALSE"
"0","3","0","9","1","FALSE"
"0","3","0","10","1","FALSE"
"0","3","0","10","1","FALSE"
"33","3","0","10","1","FALSE"
"0","3","0","10","1","FALSE"
"0","3","0","10","1","FALSE"
"33","3","0","10","1","FALSE"
"0","3","0","1","1","FALSE"
"61","2","0","8","3","FALSE"
"70","2","0","9","1","FALSE"
"42","2","0","8","2","FALSE"
"58","3","0","13","1","FALSE"
"42","3","0","8","2","FALSE"
"42","2","0","8","2","FALSE"
"0","3","0","5","1","FALSE"
"42","2","1","9","1","FALSE"
"0","0","4","1","0","FALSE"
"50","2","0","7","1","FALSE"
"72","3","0","10","2","FALSE"
"65","2","0","14","3","FALSE"
"0","0","1","0","0","FALSE"
"0","0","2","1","0","FALSE"
"65","2","4","13","1","FALSE"
"0","3","0","12","1","FALSE"
"25","2","6","4","1","FALSE"
"65","3","0","9","2","FALSE"
"70","2","0","8","2","FALSE"
"50","2","0","8","1","FALSE"
"62","2","0","11","1","FALSE"
"33","2","0","8","1","FALSE"
"62","2","2","4","2","FALSE"
"54","2","0","11","2","FALSE"
"72","3","0","12","1","FALSE"
"50","3","0","16","1","FALSE"
"33","2","0","9","1","FALSE"
"33","2","0","9","1","FALSE"
"100","3","0","1","2","FALSE"
"0","2","1","8","3","FALSE"
"88","1","83","10","2","FALSE"
"96","1","0","0","1","FALSE"
"33","2","0","7","1","TRUE"
"42","2","0","10","1","TRUE"
"42","2","0","8","2","FALSE"
"65","2","0","10","1","FALSE"
"42","2","0","8","2","FALSE"
"64","2","3","11","1","FALSE"
"0","3","0","8","1","FALSE"
"0","3","0","8","1","FALSE"
"0","3","0","8","1","FALSE"
"28","2","0","7","1","FALSE"
"42","2","0","7","2","TRUE"
"0","3","0","9","1","FALSE"
"0","3","0","10","1","FALSE"
"0","2","0","8","1","FALSE"
"66","2","0","8","2","FALSE"
"58","2","0","8","1","FALSE"
"66","2","0","21","1","TRUE"
"50","3","1","3","2","FALSE"
"0","2","0","8","1","FALSE"
"62","2","0","7","1","FALSE"
"58","2","0","9","1","FALSE"
"54","2","0","13","1","FALSE"
"0","2","0","8","2","FALSE"
"33","2","0","8","1","FALSE"
"0","2","0","7","1","FALSE"
"42","2","1","8","2","FALSE"
"60","2","0","12","2","FALSE"
"33","2","0","8","1","FALSE"
"68","2","0","8","4","FALSE"
"33","2","0","8","1","FALSE"
"0","2","0","8","3","FALSE"
"0","3","0","1","1","FALSE"
"0","0","4","1","0","FALSE"
"0","0","5","4","0","FALSE"
"0","0","12","0","0","FALSE"
"0","0","31","0","0","FALSE"
"50","2","0","8","1","FALSE"
"0","4","0","1","1","FALSE"
"69","2","0","12","1","FALSE"
"0","1","0","4","1","FALSE"
"8","1","0","39","1","FALSE"
"57","2","0","8","1","FALSE"
"57","2","0","10","2","FALSE"
"0","0","0","97","0","FALSE"
"63","2","1","12","1","FALSE"
"0","3","0","7","1","FALSE"
"69","2","0","15","1","FALSE"
"50","2","0","8","2","FALSE"
"55","2","4","9","1","FALSE"
"0","3","0","9","1","FALSE"
"0","3","0","8","1","FALSE"
"0","3","0","8","1","FALSE"
"0","2","0","7","2","FALSE"
"0","2","0","4","2","FALSE"
"66","2","0","13","3","FALSE"
"0","3","0","6","1","FALSE"
"99","1","2","3","1","FALSE"
"77","1","0","3","2","FALSE"
"40","1","0","6","3","FALSE"
"77","1","0","0","1","FALSE"
"0","1","9","0","1","FALSE"
"0","0","15","1","0","FALSE"
"99","1","1","118","2","TRUE"
"0","2","0","24","2","FALSE"
"89","1","0","70","1","TRUE"
"0","0","1","11","0","TRUE"
"0","0","74","1","0","FALSE"
"0","0","1","6","0","FALSE"
"0","0","66","1","0","FALSE"
"60","2","1","19","1","TRUE"
"91","1","0","3","1","FALSE"
"67","1","2","14","2","FALSE"
"93","1","2","63","2","TRUE"
"50","3","1","4","1","TRUE"
"0","4","0","4","1","FALSE"
"50","3","0","4","1","TRUE"
"0","2","2","18","1","FALSE"
"0","3","0","6","1","FALSE"
"0","3","0","12","1","FALSE"
"0","2","0","8","1","FALSE"
"86","1","0","23","2","TRUE"
"0","2","0","10","1","FALSE"
"70","3","0","16","1","FALSE"
"70","2","3","16","1","FALSE"
"98","1","0","2","3","FALSE"
"66","2","0","8","1","FALSE"
"96","1","0","20","3","TRUE"
"14","1","1","18","2","FALSE"
"0","0","1","4","0","FALSE"
"50","1","0","0","1","TRUE"
"0","1","0","1","2","FALSE"
"0","0","4","1","0","FALSE"
"0","1","0","4","2","FALSE"
"0","1","0","4","2","FALSE"
"0","1","0","18","2","TRUE"
"0","0","1","1","0","FALSE"
"59","2","0","7","1","TRUE"
"57","2","0","6","1","FALSE"
"0","2","0","4","1","FALSE"
"100","1","1","5","1","FALSE"
"0","1","0","1","1","FALSE"
"72","1","1","5","1","FALSE"
"0","3","0","3","1","TRUE"
"50","2","0","5","1","TRUE"
"0","3","0","2","1","FALSE"
"0","3","0","1","1","FALSE"
"0","4","0","3","1","FALSE"
"0","3","1","3","1","FALSE"
"0","3","0","2","1","FALSE"
"57","3","2","8","1","TRUE"
"75","3","0","4","1","TRUE"
"0","3","0","2","1","FALSE"
"0","3","0","3","1","TRUE"
"0","3","0","1","1","FALSE"
"0","3","0","3","1","FALSE"
"0","3","0","4","1","FALSE"
"0","3","0","3","1","TRUE"
"0","3","0","3","1","TRUE"
"0","3","0","5","1","FALSE"
"0","3","0","6","1","TRUE"
"0","3","0","3","1","FALSE"
"0","3","0","3","1","FALSE"
"25","2","4","3","1","FALSE"
"0","3","0","1","1","TRUE"
"72","1","7","4","1","FALSE"
"0","3","0","3","1","TRUE"
"0","4","0","3","1","FALSE"
"0","3","0","2","1","FALSE"
"0","3","0","2","1","FALSE"
"0","2","3","3","1","FALSE"
"0","2","11","3","1","FALSE"
"0","2","8","3","1","TRUE"
"0","3","0","4","1","FALSE"
"0","3","0","5","1","TRUE"
"0","3","0","2","1","FALSE"
"0","3","0","3","1","FALSE"
"16","2","4","2","1","FALSE"
"33","3","0","2","1","FALSE"
"0","3","0","2","1","TRUE"
"0","3","0","2","1","FALSE"
"0","3","0","4","1","TRUE"
"0","3","0","2","1","FALSE"
"0","3","0","2","1","FALSE"
"0","4","0","3","1","FALSE"
"0","3","0","1","1","FALSE"
"0","2","4","3","1","TRUE"
"0","3","0","3","1","TRUE"
"0","1","0","157","1","TRUE"
"75","3","0","2","1","TRUE"
"66","2","0","3","1","TRUE"
"0","1","0","2","1","FALSE"
"84","2","0","9","1","TRUE"
"19","2","1","2","1","TRUE"
"0","0","1","10","0","TRUE"
"88","1","4","14","2","TRUE"
"50","2","0","4","1","TRUE"
"0","2","0","0","1","FALSE"
"33","2","0","2","1","FALSE"
"50","2","0","0","1","FALSE"
"0","2","0","0","1","FALSE"
"16","2","0","0","1","FALSE"
"0","3","0","0","1","FALSE"
"75","3","0","0","1","TRUE"
"28","2","0","2","1","FALSE"
"16","2","0","0","1","FALSE"
"0","2","6","0","1","FALSE"
"25","2","1","1","1","FALSE"
"0","3","0","1","1","FALSE"
"0","3","0","0","1","FALSE"
"33","3","0","3","1","FALSE"
"40","3","0","3","1","FALSE"
"0","3","0","0","1","FALSE"
"28","2","0","2","1","FALSE"
"0","1","0","1","1","FALSE"
"50","2","0","0","1","FALSE"
"25","2","0","6","1","FALSE"
"100","3","0","0","1","FALSE"
"66","3","0","0","1","FALSE"
"0","2","0","0","1","FALSE"
"100","1","22","1","1","TRUE"
"37","2","0","1","1","FALSE"
"0","2","3","0","1","FALSE"
"41","2","0","0","1","FALSE"
"14","2","0","3","1","FALSE"
"37","3","0","1","1","FALSE"
"28","2","0","1","1","FALSE"
"0","3","0","0","1","FALSE"
"33","2","1","0","2","TRUE"
"100","1","0","1","1","TRUE"
"65","1","0","3","1","TRUE"
"72","1","0","11","2","TRUE"
"0","2","0","0","1","FALSE"
"0","2","0","0","1","FALSE"
"94","1","2","35","2","FALSE"
"92","1","0","18","2","TRUE"
"0","0","1","0","0","FALSE"
"100","2","0","0","1","FALSE"
"0","0","1","4","0","FALSE"
"88","1","0","4","1","TRUE"
"0","0","1","4","0","FALSE"
"100","2","0","6","2","TRUE"
"100","2","0","11","2","FALSE"
"0","1","0","2","1","FALSE"
"0","1","0","10","1","FALSE"
"0","1","0","33","1","FALSE"
"100","4","7","4","1","TRUE"
"75","2","0","0","1","TRUE"
"83","3","0","13","1","FALSE"
"0","2","0","0","1","TRUE"
"73","5","2","9","1","FALSE"
"93","3","2","22","1","FALSE"
"0","2","3","0","1","FALSE"
"78","3","2","10","2","FALSE"
"100","5","0","9","2","TRUE"
"66","4","0","13","1","FALSE"
"75","4","0","9","2","FALSE"
"0","1","1","3","1","FALSE"
"0","1","6","0","1","FALSE"
"100","4","0","5","2","FALSE"
"100","1","2","23","2","FALSE"
"0","2","0","1","2","FALSE"
"95","1","5","4","2","FALSE"
"26","1","0","1","2","TRUE"
"100","4","0","14","2","TRUE"
"0","1","0","14","1","FALSE"
"55","3","0","2","2","FALSE"
"72","1","1","5","3","FALSE"
"90","5","2","27","2","FALSE"
"66","1","0","11","2","FALSE"
"55","2","0","11","1","FALSE"
"40","2","0","2","2","FALSE"
"0","3","3","8","1","FALSE"
"100","2","17","63","2","TRUE"
"0","4","0","6","1","FALSE"
"0","4","0","6","1","FALSE"
"0","4","0","6","1","FALSE"
"0","3","0","6","1","FALSE"
"79","5","0","13","2","FALSE"
"0","2","0","18","1","FALSE"
"75","2","7","6","1","FALSE"
"100","2","9","39","2","FALSE"
"50","3","0","7","1","FALSE"
"50","3","0","7","1","FALSE"
"50","3","0","7","1","FALSE"
"0","3","0","7","1","FALSE"
"50","3","0","8","1","FALSE"
"50","3","0","8","1","FALSE"
"50","3","0","8","1","FALSE"
"75","2","4","6","1","FALSE"
"100","2","11","41","2","FALSE"
"50","3","0","7","1","FALSE"
"50","3","0","7","1","FALSE"
"50","3","0","7","1","FALSE"
"0","3","0","7","1","FALSE"
"81","1","0","15","1","TRUE"
"71","6","0","20","1","FALSE"
"0","0","1","2","0","FALSE"
"0","0","1","2","0","FALSE"
"0","0","11","2","0","FALSE"
"50","1","0","1","1","FALSE"
"66","2","2","5","1","FALSE"
"60","6","0","15","1","FALSE"
"0","0","1","2","0","FALSE"
"0","0","14","2","0","FALSE"
"0","1","1","7","1","FALSE"
"55","1","1","4","3","FALSE"
"0","0","2","3","0","FALSE"
"64","3","0","17","1","TRUE"
"0","0","5","1","0","FALSE"
"66","2","11","16","1","FALSE"
"0","5","0","14","1","FALSE"
"0","1","0","8","1","FALSE"
"0","0","2","1","0","FALSE"
"98","1","0","3","2","TRUE"
"0","2","0","9","1","FALSE"
"0","2","0","3","2","FALSE"
"100","3","4","14","1","FALSE"
"100","4","5","13","2","FALSE"
"100","3","0","13","2","FALSE"
"50","4","0","11","1","FALSE"
"88","4","7","15","2","TRUE"
"100","4","0","29","2","FALSE"
"77","4","6","11","1","TRUE"
"88","1","0","8","1","FALSE"
"96","1","0","7","1","FALSE"
"45","1","0","5","2","TRUE"
"0","1","0","2","2","FALSE"
"0","1","0","14","1","TRUE"
"93","2","0","16","2","TRUE"
"100","1","0","0","1","FALSE"
"96","4","3","17","2","TRUE"
"91","5","2","9","2","TRUE"
"95","5","0","19","2","TRUE"
"87","7","0","17","2","TRUE"
"87","6","1","16","2","FALSE"
"93","6","0","17","2","FALSE"
"90","6","0","11","2","FALSE"
"100","5","2","23","3","TRUE"
"66","1","0","18","2","FALSE"
"75","3","0","11","2","FALSE"
"0","0","2","0","0","FALSE"
"25","5","0","2","1","FALSE"
"66","1","0","5","2","FALSE"
"70","1","0","6","1","FALSE"
"61","1","0","10","1","FALSE"
"0","0","13","0","0","FALSE"
"7","2","0","5","1","FALSE"
"94","2","9","9","1","FALSE"
"87","3","1","10","3","TRUE"
"78","2","0","17","3","TRUE"
"0","3","0","1","1","FALSE"
"93","1","20","17","1","FALSE"
"0","1","0","13","1","TRUE"
"91","1","0","1","1","FALSE"
"19","2","0","12","2","FALSE"
"62","2","1","15","3","FALSE"
"94","2","1","41","2","TRUE"
"94","9","17","50","3","TRUE"
"72","2","0","14","2","FALSE"
"0","0","2","1","0","FALSE"
"0","2","0","7","2","FALSE"
"0","2","0","7","2","FALSE"
"0","4","0","15","1","TRUE"
"11","3","0","10","1","FALSE"
"0","3","0","6","1","FALSE"
"0","2","0","17","2","TRUE"
"100","1","0","0","1","FALSE"
"19","2","0","10","1","FALSE"
"63","3","0","11","1","TRUE"
"75","2","0","7","1","FALSE"
"0","2","0","5","1","FALSE"
"50","1","0","3","2","FALSE"
"33","1","0","2","2","FALSE"
"50","1","0","16","2","FALSE"
"0","0","2","0","0","FALSE"
"100","1","0","4","1","TRUE"
"33","1","0","6","2","FALSE"
"0","1","0","1","2","FALSE"
"0","1","0","13","1","FALSE"
"0","1","0","11","1","FALSE"
"0","1","0","8","1","TRUE"
"0","1","0","6","1","FALSE"
"96","1","3","15","2","TRUE"
"83","4","0","10","1","TRUE"
"0","7","2","3","1","TRUE"
"25","7","2","4","1","TRUE"
"0","8","0","8","1","FALSE"
"0","8","0","7","1","TRUE"
"0","5","0","7","1","TRUE"
"25","4","2","3","1","TRUE"
"64","3","2","10","1","TRUE"
"0","8","0","5","1","FALSE"
"0","8","0","4","1","TRUE"
"0","5","0","7","1","TRUE"
"97","8","2","22","2","TRUE"
"0","7","0","17","2","FALSE"
"0","4","0","8","2","FALSE"
"0","4","0","10","2","FALSE"
"0","1","0","18","2","TRUE"
"91","3","3","24","2","TRUE"
"33","1","0","1","2","FALSE"
"45","2","0","14","2","FALSE"
"97","1","0","54","2","TRUE"
"0","3","2","10","1","FALSE"
"84","4","0","10","1","TRUE"
"0","1","0","10","1","FALSE"
"96","4","2","11","2","FALSE"
"98","4","4","42","2","TRUE"
"60","5","0","11","1","FALSE"
"0","1","1","10","2","FALSE"
"5","4","0","12","1","TRUE"
"78","5","0","21","1","TRUE"
"93","3","2","14","2","TRUE"
"0","1","0","10","1","TRUE"
"94","1","1","8","2","TRUE"
"99","1","21","34","2","TRUE"
"0","1","0","5","1","FALSE"
"0","0","3","0","0","FALSE"
"100","0","0","2","0","FALSE"
"0","1","0","2","1","FALSE"
"89","4","0","19","2","FALSE"
"93","1","0","8","2","TRUE"
"77","4","0","16","2","TRUE"
"0","0","3","2","0","FALSE"
"0","1","1","1","2","FALSE"
"0","3","3","9","1","FALSE"
"100","2","2","4","2","FALSE"
"100","2","0","65","1","TRUE"
"87","2","2","10","2","FALSE"
"0","2","0","1","1","TRUE"
"83","2","0","4","2","TRUE"
"75","1","2","0","1","TRUE"
"55","2","1","3","1","FALSE"
"0","3","0","0","1","FALSE"
"22","2","0","9","1","FALSE"
"84","2","0","2","1","FALSE"
"100","1","2","0","2","FALSE"
"0","0","2","1","0","FALSE"
"88","1","2","4","1","TRUE"
"100","1","0","23","1","FALSE"
"16","1","0","3","1","FALSE"
"50","1","0","0","2","FALSE"
"14","1","0","0","2","FALSE"
"50","2","0","9","1","FALSE"
"0","1","2","2","1","FALSE"
"98","2","0","2","1","FALSE"
"50","1","0","1","2","FALSE"
"0","1","0","2","2","FALSE"
"0","1","0","2","2","FALSE"
"0","1","0","2","2","FALSE"
"0","1","0","2","2","FALSE"
"0","1","0","3","2","FALSE"
"69","3","0","8","2","TRUE"
"0","1","0","2","2","FALSE"
"0","1","0","11","2","FALSE"
"0","1","0","2","2","FALSE"
"0","1","0","2","2","FALSE"
"0","1","0","3","2","FALSE"
"0","1","0","2","2","FALSE"
"97","1","0","6","2","TRUE"
"0","1","0","2","2","FALSE"
"0","1","0","2","2","FALSE"
"0","1","0","2","2","FALSE"
"54","4","1","11","2","TRUE"
"0","1","0","2","2","FALSE"
"63","1","0","14","2","TRUE"
"0","0","2","5","0","FALSE"
"75","1","0","5","2","FALSE"
"15","1","0","6","2","FALSE"
"0","1","0","1","2","FALSE"
"0","0","1","0","0","FALSE"
"5","1","0","2","2","FALSE"
"0","0","1","0","0","FALSE"
"0","0","0","0","0","FALSE"
"84","1","0","2","2","FALSE"
"0","0","1","0","0","FALSE"
"85","5","0","1","1","FALSE"
"57","4","0","10","1","TRUE"
"100","2","1","5","1","FALSE"
"100","2","0","99","2","FALSE"
"0","3","0","0","1","FALSE"
"93","2","0","7","1","FALSE"
"60","1","0","17","1","FALSE"
"86","1","0","7","1","FALSE"
"92","1","1","142","1","TRUE"
"0","2","0","21","1","FALSE"
"0","0","1","0","0","FALSE"
"100","2","0","95","2","TRUE"
"0","1","0","0","1","FALSE"
"0","0","2","4","0","FALSE"
"80","1","0","4","1","FALSE"
"77","1","0","3","1","FALSE"
"91","1","2","11","2","FALSE"
"0","0","0","1","0","FALSE"
"0","1","0","0","1","FALSE"
"96","1","0","1","2","FALSE"
"100","1","3","0","2","FALSE"
"99","2","0","131","2","TRUE"
"66","1","0","22","1","FALSE"
"85","3","1","33","2","TRUE"
"98","1","1","31","8","TRUE"
"97","4","0","17","2","TRUE"
"88","5","0","17","1","TRUE"
"75","3","0","10","2","FALSE"
"0","3","0","10","1","TRUE"
"96","4","3","29","2","TRUE"
"0","3","0","7","1","FALSE"
"0","1","0","13","1","FALSE"
"80","4","0","21","2","FALSE"
"100","3","0","9","1","TRUE"
"66","3","0","5","2","FALSE"
"85","3","0","9","2","TRUE"
"94","3","0","22","2","TRUE"
"84","3","0","14","2","FALSE"
"16","1","0","22","2","TRUE"
"86","3","0","18","2","FALSE"
"0","1","0","12","1","FALSE"
"91","3","6","14","2","TRUE"
"96","4","1","34","2","TRUE"
"76","3","0","11","2","TRUE"
"0","1","0","9","1","TRUE"
"92","5","0","24","2","FALSE"
"93","4","0","20","2","TRUE"
"0","1","0","7","1","FALSE"
"0","4","0","43","1","TRUE"
"97","4","26","37","2","FALSE"
"86","4","0","15","2","TRUE"
"100","1","7","17","2","TRUE"
"94","4","2","19","2","FALSE"
"97","3","3","50","2","TRUE"
"100","4","2","36","2","TRUE"
"100","4","5","62","2","TRUE"
"100","4","0","6","2","FALSE"
"0","1","0","16","1","TRUE"
"88","3","0","18","2","FALSE"
"97","1","0","12","1","TRUE"
"58","3","1","23","2","TRUE"
"100","3","20","59","2","TRUE"
"75","4","1","13","2","FALSE"
"95","3","0","15","2","TRUE"
"80","1","0","12","1","TRUE"
"50","5","0","6","2","FALSE"
"100","3","5","27","2","TRUE"
"100","3","59","27","2","TRUE"
"0","0","1","5","0","FALSE"
"0","1","0","15","1","TRUE"
"0","1","0","8","2","FALSE"
"77","3","0","25","3","TRUE"
"98","3","0","29","2","TRUE"
"72","3","3","30","2","TRUE"
"87","4","0","25","2","TRUE"
"100","3","0","33","3","TRUE"
"0","0","1","3","0","FALSE"
"75","1","0","12","2","FALSE"
"100","3","0","50","2","TRUE"
"88","3","0","25","2","FALSE"
"84","3","0","20","2","TRUE"
"69","3","0","27","2","FALSE"
"90","3","0","16","2","TRUE"
"70","4","0","12","2","FALSE"
"58","4","0","8","2","FALSE"
"91","5","0","18","2","FALSE"
"100","3","0","37","2","TRUE"
"72","3","0","9","1","FALSE"
"94","3","0","23","2","TRUE"
"0","4","0","10","1","FALSE"
"66","3","0","11","2","FALSE"
"91","4","7","22","2","TRUE"
"93","1","0","11","2","FALSE"
"0","1","11","5","1","FALSE"
"0","2","0","5","1","FALSE"
"12","2","0","7","1","FALSE"
"44","2","0","9","1","FALSE"
"28","2","0","6","1","FALSE"
"0","2","0","6","1","FALSE"
"28","2","0","6","1","FALSE"
"0","2","0","6","1","FALSE"
"28","2","0","6","1","FALSE"
"0","2","0","6","1","FALSE"
"31","2","0","7","1","FALSE"
"25","2","0","7","1","FALSE"
"69","1","0","6","1","FALSE"
"100","1","0","9","1","FALSE"
"96","1","7","17","2","FALSE"
"0","0","57","3","0","FALSE"
"0","0","1","1","0","FALSE"
"71","2","1","6","2","FALSE"
"0","0","1","0","0","FALSE"
"100","0","2","11","0","FALSE"
"0","1","1","0","1","FALSE"
"0","0","14","3","0","FALSE"
"0","3","0","2","1","FALSE"
"0","2","0","8","1","FALSE"
"86","1","1","9","2","FALSE"
"88","2","1","22","2","FALSE"
"47","1","0","9","2","FALSE"
"6","2","0","8","2","FALSE"
"98","1","2","8","1","FALSE"
"61","2","0","11","1","FALSE"
"94","1","2","4","1","FALSE"
"0","4","0","4","1","FALSE"
"50","1","0","4","1","FALSE"
"85","2","3","18","1","FALSE"
"0","0","0","2","0","FALSE"
"0","4","0","3","1","FALSE"
"0","3","0","3","1","FALSE"
"0","4","0","3","1","FALSE"
"0","4","0","3","1","FALSE"
"0","4","0","3","1","FALSE"
"0","4","0","3","1","FALSE"
"0","4","0","3","1","FALSE"
"0","4","0","3","1","FALSE"
"0","3","10","3","1","FALSE"
"0","4","0","3","1","FALSE"
"66","4","0","8","1","TRUE"
"57","2","0","18","1","FALSE"
"0","3","0","3","1","FALSE"
"100","1","0","0","1","FALSE"
"100","1","0","0","1","FALSE"
"88","2","1","18","1","FALSE"
"89","2","1","18","1","FALSE"
"0","1","2","2","1","FALSE"
"0","0","2","3","0","FALSE"
"0","3","1","10","1","FALSE"
"0","3","0","10","1","FALSE"
"0","4","0","10","1","FALSE"
"50","1","0","1","2","FALSE"
"100","1","0","0","1","TRUE"
"90","1","2","12","1","FALSE"
"0","0","3","0","0","FALSE"
"72","1","0","4","1","TRUE"
"0","1","2","3","1","FALSE"
"0","0","2","0","0","FALSE"
"75","1","0","4","2","TRUE"
"60","2","20","2","1","FALSE"
"0","0","6","1","0","FALSE"
"86","2","0","24","1","FALSE"
"80","2","1","33","1","FALSE"
"98","2","0","19","1","FALSE"
"0","0","1","1","0","FALSE"
"0","1","0","2","2","FALSE"
"0","1","0","5","1","FALSE"
"0","1","0","5","2","FALSE"
"0","0","1","2","0","FALSE"
"0","1","0","5","2","FALSE"
"0","1","0","6","2","FALSE"
"0","0","40","1","0","FALSE"
"91","2","5","30","2","TRUE"
"36","1","0","0","1","TRUE"
"0","0","1","0","0","FALSE"
"0","0","3","0","0","FALSE"
"83","1","0","3","1","FALSE"
"89","2","0","25","1","FALSE"
"66","1","0","4","1","FALSE"
"81","2","0","22","1","TRUE"
"85","2","1","17","1","FALSE"
"93","1","2","17","1","TRUE"
"98","1","0","15","1","FALSE"
"0","2","0","11","1","FALSE"
"100","1","75","4","2","FALSE"
"100","1","5","5","2","FALSE"
"75","2","1","5","2","FALSE"
"0","2","2","2","1","FALSE"
"92","1","0","0","1","FALSE"
"88","3","0","3","1","TRUE"
"66","6","0","4","1","FALSE"
"15","2","0","4","1","FALSE"
"94","2","2","2","1","FALSE"
"76","3","1","4","1","FALSE"
"66","5","1","4","1","FALSE"
"57","4","1","4","1","FALSE"
"0","3","0","10","1","FALSE"
"100","1","0","29","1","TRUE"
"87","1","0","0","1","FALSE"
"0","1","0","0","2","FALSE"
"0","1","0","6","2","FALSE"
"59","1","0","0","2","FALSE"
"0","1","0","1","2","FALSE"
"75","2","1","3","1","TRUE"
"0","0","1","2","0","FALSE"
"0","1","0","0","1","TRUE"
"84","2","3","7","2","TRUE"
"6","1","0","0","2","FALSE"
"75","1","0","0","1","FALSE"
"100","2","0","8","1","FALSE"
"59","1","0","0","2","FALSE"
"92","1","2","3","2","TRUE"
"94","2","2","3","2","FALSE"
"0","1","0","0","1","FALSE"
"0","2","0","0","1","FALSE"
"90","1","0","2","2","TRUE"
"81","1","0","10","1","TRUE"
"86","1","0","10","3","TRUE"
"0","2","0","0","1","FALSE"
"0","2","0","0","1","FALSE"
"0","2","0","0","1","FALSE"
"66","3","0","9","2","TRUE"
"81","1","0","2","2","FALSE"
"0","1","0","0","3","FALSE"
"90","1","0","8","1","TRUE"
"0","2","0","0","1","FALSE"
"75","1","0","0","1","FALSE"
"100","0","1","7","0","TRUE"
"50","2","3","7","3","FALSE"
"50","2","0","7","1","TRUE"
"55","2","0","5","1","TRUE"
"80","1","0","1","1","FALSE"
"80","2","8","3","2","FALSE"
"75","2","0","0","1","FALSE"
"100","2","1","4","1","FALSE"
"100","3","0","0","1","FALSE"
"80","1","0","2","1","FALSE"
"0","1","0","5","1","TRUE"
"0","1","0","3","2","FALSE"
"100","2","0","0","1","FALSE"
"98","1","0","7","1","FALSE"
"96","1","18","11","2","TRUE"
"75","1","0","0","1","FALSE"
"72","1","0","0","1","TRUE"
"0","1","0","6","1","FALSE"
"66","2","2","1","2","FALSE"
"83","2","0","2","1","TRUE"
"0","1","0","0","1","FALSE"
"100","2","5","16","2","TRUE"
"0","0","2","3","0","FALSE"
"50","1","0","3","2","FALSE"
"95","1","0","15","1","TRUE"
"87","1","0","0","1","FALSE"
"94","1","0","3","1","FALSE"
"50","1","0","10","2","FALSE"
"55","1","0","0","1","TRUE"
"0","0","1","1","0","FALSE"
"0","1","0","8","1","TRUE"
"0","1","0","0","2","FALSE"
"0","0","1","0","0","FALSE"
"50","1","0","1","1","FALSE"
"0","1","0","3","1","FALSE"
"86","2","0","2","2","FALSE"
"86","1","0","3","1","FALSE"
"0","1","0","0","1","FALSE"
"50","1","0","4","1","FALSE"
"0","2","0","0","1","FALSE"
"58","1","0","0","1","FALSE"
"0","1","0","0","1","FALSE"
"0","1","0","2","1","FALSE"
"0","1","0","0","1","FALSE"
"0","0","0","0","0","FALSE"
"0","0","0","0","0","FALSE"
"0","2","0","2","1","FALSE"
"0","1","0","0","1","FALSE"
"0","1","0","0","1","FALSE"
"0","1","0","0","1","FALSE"
"66","2","1","5","1","FALSE"
"0","0","0","0","0","FALSE"
"0","1","0","0","1","FALSE"
"0","0","0","0","0","FALSE"
"53","3","0","2","1","FALSE"
"0","0","1","0","0","FALSE"
"25","1","0","0","2","FALSE"
"0","3","0","1","1","FALSE"
"0","3","1","4","1","FALSE"
"0","2","0","3","1","FALSE"
"0","1","0","0","1","FALSE"
"33","2","0","5","1","FALSE"
"0","1","0","0","1","FALSE"
"66","1","0","0","1","FALSE"
"0","1","0","1","2","FALSE"
"66","1","0","5","1","FALSE"
"85","1","0","1","1","FALSE"
"85","1","0","1","1","FALSE"
"66","1","0","0","1","FALSE"
"0","2","0","1","1","FALSE"
"0","1","0","0","1","FALSE"
"0","2","0","1","1","FALSE"
"0","2","0","0","1","FALSE"
"0","1","0","0","1","FALSE"
"0","0","0","0","0","FALSE"
"0","1","0","1","1","FALSE"
"0","0","0","0","0","FALSE"
"0","2","0","1","1","FALSE"
"0","2","0","32","1","FALSE"
"0","2","0","0","1","FALSE"
"0","2","0","1","1","FALSE"
"0","2","0","1","1","FALSE"
"0","5","0","3","1","FALSE"
"0","2","0","1","1","FALSE"
"0","1","0","0","1","FALSE"
"0","0","0","0","0","FALSE"
"0","1","0","1","1","FALSE"
"0","1","0","0","1","FALSE"
"0","1","0","0","1","FALSE"
"0","2","0","1","1","FALSE"
"66","3","0","0","1","FALSE"
"0","2","0","1","1","FALSE"
"50","1","0","0","1","FALSE"
"66","2","0","4","1","FALSE"
"0","1","0","0","1","FALSE"
"80","2","0","4","2","FALSE"
"0","2","0","4","1","FALSE"
"19","2","0","4","1","FALSE"
"83","2","0","2","1","FALSE"
"93","2","1","8","2","FALSE"
"33","2","0","7","1","TRUE"
"33","2","0","4","1","FALSE"
"0","3","0","9","1","FALSE"
"71","3","0","4","1","FALSE"
"0","3","0","7","1","FALSE"
"25","2","0","4","1","FALSE"
"0","3","0","2","1","FALSE"
"0","3","0","2","1","FALSE"
"0","3","0","1","1","FALSE"
"0","3","0","5","1","FALSE"
"0","3","0","13","2","FALSE"
"83","3","0","2","1","FALSE"
"62","2","13","4","1","FALSE"
"0","2","0","1","1","FALSE"
"25","3","0","4","1","FALSE"
"0","3","0","1","1","FALSE"
"56","2","0","4","1","FALSE"
"72","3","0","2","1","FALSE"
"19","3","0","5","2","TRUE"
"37","2","0","8","1","FALSE"
"45","2","0","4","1","FALSE"
"33","2","0","4","1","FALSE"
"71","2","1","5","1","TRUE"
"0","1","0","1","1","FALSE"
"33","2","0","5","2","FALSE"
"0","2","0","0","1","FALSE"
"0","1","0","0","1","FALSE"
"56","2","0","5","1","FALSE"
"0","2","0","1","1","FALSE"
"0","0","0","0","0","FALSE"
"100","2","0","12","1","FALSE"
"0","6","0","1","1","FALSE"
"0","4","0","2","1","FALSE"
"50","1","0","0","1","FALSE"
"0","4","0","2","1","FALSE"
"97","1","0","0","1","FALSE"
"75","2","0","12","1","FALSE"
"33","4","0","2","1","FALSE"
"75","1","0","0","1","FALSE"
"55","2","0","8","1","FALSE"
"80","4","0","4","1","FALSE"
"0","2","0","5","1","FALSE"
"16","4","0","2","1","FALSE"
"79","4","0","3","1","FALSE"
"82","4","2","8","1","TRUE"
"0","5","0","2","1","FALSE"
"47","1","0","0","2","FALSE"
"48","1","0","0","3","FALSE"
"0","1","0","0","2","FALSE"
"50","1","0","0","1","FALSE"
"0","2","0","0","1","FALSE"
"80","2","0","5","3","FALSE"
"0","0","2","0","0","FALSE"
"87","2","0","3","2","FALSE"
"73","1","1","3","3","FALSE"
"75","5","0","4","1","FALSE"
"74","2","0","11","1","FALSE"
"75","2","1","12","1","TRUE"
"46","4","0","2","1","FALSE"
"78","1","0","0","1","FALSE"
"71","2","0","9","1","TRUE"
"33","4","0","1","1","FALSE"
"100","2","0","12","1","FALSE"
"0","4","0","2","1","FALSE"
"50","1","0","0","1","FALSE"
"40","4","0","2","1","TRUE"
"72","2","0","12","1","TRUE"
"46","4","0","2","1","TRUE"
"76","1","0","0","1","TRUE"
"0","3","0","0","1","TRUE"
"69","3","0","8","1","FALSE"
"33","3","0","2","2","FALSE"
"76","3","2","8","1","FALSE"
"46","3","0","3","1","FALSE"
"75","4","2","3","1","FALSE"
"87","4","2","4","1","FALSE"
"62","4","0","2","1","TRUE"
"80","4","0","3","1","TRUE"
"72","2","1","11","1","TRUE"
"52","4","0","2","1","TRUE"
"86","1","0","0","1","TRUE"
"0","1","3","1","2","FALSE"
"40","4","0","4","1","FALSE"
"0","2","0","2","2","FALSE"
"50","2","0","1","2","FALSE"
"0","2","0","3","2","FALSE"
"0","4","0","4","1","TRUE"
"0","0","4","1","0","FALSE"
"0","1","0","0","1","FALSE"
"0","4","0","4","1","TRUE"
"0","4","0","3","1","TRUE"
"50","4","0","1","1","TRUE"
"70","2","1","9","1","FALSE"
"87","4","0","1","1","FALSE"
"66","2","0","10","1","TRUE"
"0","5","0","1","1","TRUE"
"0","4","0","1","1","FALSE"
"16","4","0","2","1","TRUE"
"96","1","0","0","1","TRUE"
"53","2","1","5","1","FALSE"
"78","4","0","5","1","FALSE"
"86","3","3","14","2","FALSE"
"66","2","0","2","1","FALSE"
"33","2","0","1","1","FALSE"
"25","2","0","2","1","FALSE"
"0","2","1","9","1","FALSE"
"33","4","0","3","1","TRUE"
"0","4","0","2","1","TRUE"
"0","4","0","2","1","TRUE"
"0","4","0","2","1","FALSE"
"0","4","0","3","1","FALSE"
"0","4","0","10","1","FALSE"
"0","4","0","7","1","FALSE"
"81","4","0","8","1","FALSE"
"87","4","0","4","1","FALSE"
"0","4","0","4","1","TRUE"
"0","4","0","3","1","TRUE"
"0","4","0","3","1","FALSE"
"0","4","0","2","1","TRUE"
"0","4","0","8","1","FALSE"
"0","4","0","2","1","TRUE"
"0","4","0","5","1","FALSE"
"0","3","0","2","1","FALSE"
"0","4","0","8","1","FALSE"
"0","4","0","8","1","FALSE"
"0","3","0","5","1","FALSE"
"9","4","0","4","1","FALSE"
"0","4","0","2","1","FALSE"
"11","4","0","3","1","TRUE"
"0","4","0","1","1","TRUE"
"91","4","0","4","1","TRUE"
"0","3","0","10","1","FALSE"
"0","4","0","9","1","FALSE"
"0","4","0","7","1","FALSE"
"0","4","0","8","1","FALSE"
"62","4","0","3","1","FALSE"
"68","4","0","24","1","FALSE"
"0","4","0","5","1","FALSE"
"66","4","0","8","1","TRUE"
"50","3","0","1","1","TRUE"
"75","4","0","30","1","FALSE"
"87","4","0","12","1","FALSE"
"33","4","0","24","1","TRUE"
"0","4","0","5","1","FALSE"
"0","4","0","5","1","FALSE"
"0","4","0","9","1","FALSE"
"0","4","0","3","1","FALSE"
"50","1","0","0","1","FALSE"
"0","1","0","0","1","FALSE"
"94","1","2","1","1","FALSE"
"77","2","0","1","1","FALSE"
"62","1","0","6","1","FALSE"
"66","1","0","7","1","FALSE"
"16","1","0","0","2","FALSE"
"50","1","0","1","1","FALSE"
"5","1","0","0","1","FALSE"
"0","1","0","3","1","FALSE"
"0","1","0","0","1","FALSE"
"68","2","0","2","1","FALSE"
"75","4","0","5","1","FALSE"
"100","2","0","9","1","FALSE"
"100","1","0","1","1","FALSE"
"50","1","0","4","1","FALSE"
"38","4","0","5","1","FALSE"
"0","1","0","0","1","FALSE"
"0","4","0","3","1","FALSE"
"0","1","0","0","1","FALSE"
"0","0","2","2","0","FALSE"
"42","2","0","0","1","FALSE"
"0","1","0","4","2","FALSE"
"50","1","0","4","1","FALSE"
"85","2","0","24","2","FALSE"
"33","1","0","4","1","FALSE"
"0","2","2","0","1","FALSE"
"25","3","0","1","1","FALSE"
"44","2","0","10","1","FALSE"
"25","3","0","1","1","FALSE"
"53","1","0","3","1","FALSE"
"66","1","4","3","2","FALSE"
"87","1","7","3","1","FALSE"
"0","1","0","2","2","FALSE"
"70","2","0","5","2","FALSE"
"73","1","0","2","1","FALSE"
"82","1","5","11","1","FALSE"
"81","2","0","4","2","FALSE"
"66","2","0","15","2","FALSE"
"0","2","0","8","2","FALSE"
"0","0","1","1","0","FALSE"
"60","2","0","4","1","FALSE"
"0","2","0","0","1","FALSE"
"0","0","5","2","0","FALSE"
"73","2","1","4","1","FALSE"
"66","2","0","13","2","FALSE"
"0","2","1","11","2","FALSE"
"0","3","0","5","1","FALSE"
"62","2","1","2","1","FALSE"
"33","3","0","3","1","FALSE"
"85","2","1","7","1","FALSE"
"84","1","0","15","1","FALSE"
"0","1","0","7","1","FALSE"
"66","1","0","3","1","FALSE"
"60","1","0","0","1","FALSE"
"78","1","0","1","2","FALSE"
"64","2","0","4","1","FALSE"
"0","1","3","3","1","FALSE"
"0","2","0","2","1","FALSE"
"50","2","0","2","1","FALSE"
"0","2","0","2","1","FALSE"
"50","2","0","4","1","FALSE"
"50","2","0","4","1","FALSE"
"0","2","0","8","1","FALSE"
"73","2","0","4","1","FALSE"
"66","2","0","3","1","FALSE"
"50","2","0","3","1","FALSE"
"50","2","0","3","1","TRUE"
"60","2","0","3","1","FALSE"
"0","2","0","2","1","FALSE"
"90","2","0","8","1","FALSE"
"66","2","0","7","1","FALSE"
"50","2","0","2","1","FALSE"
"91","1","29","5","2","TRUE"
"50","2","0","4","1","FALSE"
"90","2","4","19","1","FALSE"
"60","2","0","7","1","FALSE"
"0","2","0","2","1","FALSE"
"0","3","0","4","1","FALSE"
"82","2","4","5","1","FALSE"
"0","4","0","4","1","FALSE"
"0","3","0","4","1","FALSE"
"0","3","0","4","1","FALSE"
"0","4","0","4","1","FALSE"
"19","3","2","4","1","FALSE"
"0","2","1","1","1","FALSE"
"0","4","0","1","1","FALSE"
"0","3","1","1","1","FALSE"
"100","2","0","2","1","FALSE"
"0","3","1","2","1","FALSE"
"78","4","1","8","2","FALSE"
"60","4","0","5","1","FALSE"
"0","4","0","1","1","FALSE"
"80","4","0","7","2","FALSE"
"77","3","4","2","1","FALSE"
"83","3","0","4","1","FALSE"
"50","2","0","2","1","FALSE"
"83","2","0","7","1","TRUE"
"64","2","0","5","1","FALSE"
"50","2","0","1","1","FALSE"
"0","3","0","2","1","FALSE"
"70","2","0","5","1","FALSE"
"0","1","0","5","1","FALSE"
"71","1","0","1","1","FALSE"
"0","1","0","0","1","FALSE"
"31","1","0","0","1","FALSE"
"59","2","0","0","1","FALSE"
"0","1","0","0","1","FALSE"
"0","0","1","1","0","FALSE"
"61","1","0","10","1","FALSE"
"40","1","0","0","2","FALSE"
"0","0","1","3","0","FALSE"
"77","1","0","1","1","FALSE"
"0","1","0","12","1","FALSE"
"0","1","0","1","1","FALSE"
"37","1","0","2","2","FALSE"
"66","1","0","1","1","TRUE"
"0","1","0","3","2","FALSE"
"60","2","0","8","1","FALSE"
"16","1","0","6","2","TRUE"
"50","1","0","5","1","FALSE"
"50","1","0","0","1","FALSE"
"33","1","0","2","1","FALSE"
"90","1","0","10","1","FALSE"
"78","1","0","2","1","FALSE"
"66","1","0","0","1","FALSE"
"73","1","0","0","2","FALSE"
"75","1","0","4","1","FALSE"
"0","1","0","0","2","FALSE"
"0","2","5","0","1","FALSE"
"50","3","0","16","1","FALSE"
"85","3","0","14","1","FALSE"
"33","3","0","5","1","FALSE"
"83","5","0","9","2","FALSE"
"62","4","0","1","1","FALSE"
"0","3","0","4","1","FALSE"
"0","3","0","4","1","FALSE"
"88","3","0","8","1","FALSE"
"95","4","0","20","1","TRUE"
"77","2","0","4","1","FALSE"
"66","2","0","13","1","TRUE"
"0","2","0","5","1","FALSE"
"0","4","0","2","1","FALSE"
"0","2","0","5","1","FALSE"
"16","4","0","2","1","FALSE"
"100","2","4","26","1","FALSE"
"46","3","0","2","1","FALSE"
"46","3","0","3","1","FALSE"
"46","3","0","2","1","FALSE"
"46","3","0","3","1","FALSE"
"25","1","0","3","1","FALSE"
"71","1","0","1","1","FALSE"
"88","2","0","7","1","FALSE"
"42","2","0","4","1","FALSE"
"54","2","0","3","1","FALSE"
"25","2","0","0","1","FALSE"
"19","3","0","4","1","FALSE"
"0","1","0","0","1","FALSE"
"25","1","0","3","1","FALSE"
"83","2","0","8","1","FALSE"
"44","2","0","4","1","FALSE"
"54","2","0","3","1","FALSE"
"25","2","0","0","1","FALSE"
"71","1","0","1","1","FALSE"
"18","3","0","4","1","FALSE"
"0","1","0","0","1","FALSE"
"90","1","2","7","2","FALSE"
"75","1","0","10","1","FALSE"
"50","1","0","2","1","FALSE"
"62","1","0","5","1","FALSE"
"82","1","0","7","1","FALSE"
"53","1","0","20","2","FALSE"
"0","0","1","2","0","FALSE"
"0","0","1","2","0","FALSE"
"0","2","0","1","2","FALSE"
"0","1","0","3","2","FALSE"
"0","2","0","0","1","FALSE"
"93","4","7","19","1","FALSE"
"0","3","0","5","1","FALSE"
"0","3","0","7","1","FALSE"
"0","3","0","5","1","FALSE"
"50","3","0","9","2","FALSE"
"0","3","0","9","1","FALSE"
"0","3","0","7","1","FALSE"
"0","3","0","17","1","FALSE"
"0","1","0","0","2","FALSE"
"0","0","2","0","0","FALSE"
"0","0","3","1","0","FALSE"
"0","0","3","1","0","FALSE"
"72","1","1","1","2","FALSE"
"85","2","0","18","1","FALSE"
"0","2","0","0","1","FALSE"
"0","1","0","1","2","FALSE"
"85","1","0","11","2","FALSE"
"0","1","0","9","1","FALSE"
"80","1","0","8","2","FALSE"
"0","0","3","2","0","FALSE"
"62","1","0","3","2","FALSE"
"0","1","0","0","2","FALSE"
"50","1","0","1","2","FALSE"
"55","1","0","7","2","FALSE"
"75","2","0","1","1","FALSE"
"60","1","0","0","1","FALSE"
"79","1","0","5","1","FALSE"
"12","3","0","9","2","FALSE"
"50","2","0","1","1","TRUE"
"83","3","0","30","1","FALSE"
"40","1","1","0","1","FALSE"
"84","4","27","52","2","FALSE"
"90","1","1","0","2","FALSE"
"19","1","0","1","2","FALSE"
"75","1","0","1","2","FALSE"
"86","1","0","18","3","TRUE"
"84","2","0","22","1","TRUE"
"100","2","0","23","2","TRUE"
"89","1","0","3","2","FALSE"
"61","1","1","7","2","TRUE"
"85","1","0","3","2","FALSE"
"50","2","0","4","1","FALSE"
"71","1","1","3","3","FALSE"
"14","2","0","2","2","TRUE"
"100","2","0","2","3","FALSE"
"0","2","0","13","1","FALSE"
"25","2","0","25","2","TRUE"
"75","2","0","12","1","FALSE"
"0","2","0","12","1","FALSE"
"0","2","0","11","1","FALSE"
"78","2","0","26","2","FALSE"
"87","1","0","3","1","FALSE"
"95","2","0","16","2","FALSE"
"88","4","0","23","2","FALSE"
"81","4","0","7","1","FALSE"
"33","1","0","8","1","FALSE"
"68","1","0","3","1","FALSE"
"42","3","0","8","2","FALSE"
"66","2","0","9","1","FALSE"
"78","2","0","5","1","FALSE"
"50","2","0","7","1","FALSE"
"0","1","0","5","1","FALSE"
"80","3","1","1","1","FALSE"
"0","2","0","7","1","FALSE"
"62","2","0","13","1","FALSE"
"0","0","1","0","0","FALSE"
"70","1","0","0","2","FALSE"
"56","2","0","1","1","FALSE"
"100","2","1","31","2","FALSE"
"0","0","2","0","0","FALSE"
"87","1","0","3","2","FALSE"
"94","1","0","0","1","FALSE"
"96","2","0","0","1","FALSE"
"50","2","0","16","2","FALSE"
"0","3","0","11","1","FALSE"
"0","2","0","13","1","FALSE"
"0","2","0","15","1","FALSE"
"47","2","0","26","1","FALSE"
"0","2","0","3","2","FALSE"
"60","2","0","16","2","FALSE"
"61","2","0","7","1","FALSE"
"55","2","0","18","1","FALSE"
"95","4","0","19","1","FALSE"
"44","2","0","8","1","FALSE"
"13","2","0","4","2","FALSE"
"71","2","0","6","1","FALSE"
"33","1","0","2","2","FALSE"
"69","3","0","20","2","FALSE"
"94","2","0","27","1","FALSE"
"81","2","0","5","1","FALSE"
"0","1","0","11","1","FALSE"
"0","2","0","5","1","FALSE"
"89","2","0","19","1","FALSE"
"0","2","0","3","1","FALSE"
"40","2","0","18","1","FALSE"
"50","2","0","16","1","FALSE"
"46","3","0","17","1","FALSE"
"0","2","0","12","1","FALSE"
"0","0","2","2","0","FALSE"
"70","1","2","6","2","FALSE"
"0","2","0","0","1","FALSE"
"0","0","2","1","0","FALSE"
"0","2","2","2","1","FALSE"
"100","2","0","0","1","FALSE"
"100","3","1","2","1","FALSE"
"50","4","0","3","1","FALSE"
"100","2","4","2","1","FALSE"
"71","2","0","5","1","FALSE"
"100","2","2","1","1","FALSE"
"0","3","6","0","1","FALSE"
"74","2","4","2","3","FALSE"
"66","3","0","1","1","FALSE"
"100","2","0","4","1","FALSE"
"100","2","0","1","1","TRUE"
"100","3","0","0","1","FALSE"
"64","2","1","6","1","FALSE"
"100","3","0","1","1","FALSE"
"44","2","0","1","1","FALSE"
"100","3","0","2","1","FALSE"
"100","3","6","2","1","FALSE"
"100","2","1","4","2","FALSE"
"55","2","0","3","2","FALSE"
"77","2","0","5","2","FALSE"
"100","3","3","6","1","FALSE"
"0","2","2","1","1","FALSE"
"85","1","14","2","3","FALSE"
"100","3","0","1","1","FALSE"
"77","2","0","4","2","FALSE"
"0","0","1","0","0","FALSE"
"100","2","0","1","2","FALSE"
"100","1","1","1","1","FALSE"
"0","0","1","2","0","FALSE"
"0","2","0","8","1","FALSE"
"0","0","3","3","0","FALSE"
"81","2","20","4","2","FALSE"
"41","1","1","3","2","FALSE"
"0","2","0","4","1","FALSE"
"62","2","0","1","2","FALSE"
"68","2","1","3","2","FALSE"
"86","3","1","3","1","FALSE"
"70","1","1","6","1","FALSE"
"100","1","0","4","1","FALSE"
"25","1","0","0","2","FALSE"
"0","1","0","12","2","FALSE"
"0","1","0","15","2","FALSE"
"0","1","0","5","2","FALSE"
"0","1","0","5","2","FALSE"
"0","1","0","6","2","FALSE"
"0","1","0","5","2","FALSE"
"0","1","0","7","2","FALSE"
"0","1","0","7","2","FALSE"
"0","1","0","5","2","FALSE"
"0","1","0","9","2","FALSE"
"0","1","0","8","2","FALSE"
"0","1","0","9","2","FALSE"
"0","1","0","11","2","FALSE"
"0","1","0","7","2","FALSE"
"0","1","0","15","2","FALSE"
"0","1","20","3","1","FALSE"
"0","2","0","33","2","FALSE"
"0","1","0","9","2","FALSE"
"0","1","1","0","1","FALSE"
"64","2","0","0","2","FALSE"
"0","1","1","1","1","FALSE"
"62","2","0","1","2","FALSE"
"0","1","1","0","1","FALSE"
"68","2","0","0","2","FALSE"
"0","1","1","1","1","FALSE"
"68","2","0","1","2","FALSE"
"100","1","1","1","1","FALSE"
"81","2","0","1","2","FALSE"
"0","1","1","0","1","FALSE"
"62","2","0","0","2","FALSE"
"0","1","1","0","1","FALSE"
"68","2","0","0","2","FALSE"
"50","1","0","5","2","FALSE"
"50","1","0","6","2","FALSE"
"0","1","1","0","1","FALSE"
"68","2","0","2","2","FALSE"
"0","1","1","0","1","FALSE"
"76","2","0","1","2","FALSE"
"0","1","1","0","1","FALSE"
"62","2","0","0","2","FALSE"
"0","1","1","0","1","FALSE"
"62","2","0","0","2","FALSE"
"0","1","1","0","1","FALSE"
"68","2","0","0","2","FALSE"
"100","1","1","1","1","FALSE"
"68","2","0","2","2","FALSE"
"0","1","1","0","1","FALSE"
"62","2","0","0","2","FALSE"
"0","1","1","0","1","FALSE"
"62","2","0","0","2","FALSE"
"0","3","0","12","1","FALSE"
"0","2","0","7","1","FALSE"
"100","3","0","1","1","FALSE"
"100","2","0","1","2","FALSE"
"100","4","0","0","1","FALSE"
"66","3","0","1","1","FALSE"
"50","3","0","0","1","FALSE"
"100","3","1","1","1","FALSE"
"85","1","0","5","2","FALSE"
"85","1","0","0","1","FALSE"
"88","4","0","4","1","FALSE"
"84","2","0","26","3","FALSE"
"0","0","2","0","0","FALSE"
"88","1","0","3","2","FALSE"
"95","1","0","0","2","FALSE"
"97","2","0","0","1","FALSE"
"0","2","0","10","1","FALSE"
"60","2","0","21","1","FALSE"
"0","2","0","6","1","FALSE"
"0","2","0","8","1","FALSE"
"66","2","0","8","1","FALSE"
"0","2","0","6","1","FALSE"
"71","1","0","13","2","FALSE"
"0","2","0","9","1","FALSE"
"0","2","0","4","1","FALSE"
"60","2","0","7","1","FALSE"
"0","2","0","6","1","FALSE"
"0","2","0","16","1","FALSE"
"0","2","0","5","1","FALSE"
"80","2","0","3","1","FALSE"
"0","2","0","18","1","FALSE"
"0","2","0","9","1","FALSE"
"0","1","0","7","1","FALSE"
"100","1","2","34","1","FALSE"
"0","2","1","26","1","FALSE"
"0","1","0","7","2","FALSE"
"0","3","0","2","1","FALSE"
"0","2","0","7","2","FALSE"
"0","2","0","7","1","FALSE"
"0","1","0","5","2","FALSE"
"78","2","0","16","1","FALSE"
"0","2","0","14","1","FALSE"
"0","1","1","0","1","FALSE"
"56","2","0","0","2","FALSE"
"0","2","0","6","1","FALSE"
"100","4","0","6","1","FALSE"
"100","4","0","5","1","FALSE"
"50","3","0","25","1","FALSE"
"50","3","0","25","1","FALSE"
"97","4","0","44","1","FALSE"
"97","4","0","38","1","FALSE"
"75","1","0","1","2","TRUE"
"90","1","0","0","2","FALSE"
"0","0","2","0","0","FALSE"
"43","3","0","7","2","FALSE"
"0","0","2","1","0","FALSE"
"55","3","0","3","1","FALSE"
"40","3","0","13","2","FALSE"
"0","1","0","0","1","FALSE"
"75","2","0","20","1","FALSE"
"33","2","0","22","1","FALSE"
"0","2","1","3","1","FALSE"
"7","2","0","14","2","FALSE"
"0","3","1","0","2","FALSE"
"0","3","0","4","1","FALSE"
"66","3","0","23","1","FALSE"
"70","3","0","28","1","FALSE"
"89","3","0","22","2","FALSE"
"25","2","1","9","1","FALSE"
"0","4","0","2","1","FALSE"
"0","1","0","1","1","FALSE"
"71","2","0","1","1","FALSE"
"83","2","0","1","1","FALSE"
"89","2","0","1","1","FALSE"
"85","2","0","1","1","FALSE"
"86","2","0","1","1","FALSE"
"81","2","0","1","1","FALSE"
"80","2","0","1","1","FALSE"
"92","2","0","1","1","FALSE"
"86","2","0","1","1","FALSE"
"88","2","0","1","1","FALSE"
"97","2","0","1","1","FALSE"
"69","2","0","1","1","FALSE"
"86","2","0","1","1","FALSE"
"87","2","0","1","1","FALSE"
"83","2","0","1","1","FALSE"
"88","2","0","1","1","FALSE"
"86","2","0","1","1","FALSE"
"71","2","0","1","1","FALSE"
"96","2","0","1","1","FALSE"
"60","1","19","1","1","FALSE"
"0","1","0","1","1","FALSE"
"0","4","0","14","1","FALSE"
"37","3","0","4","2","FALSE"
"80","1","0","0","1","FALSE"
"14","1","0","0","1","FALSE"
"100","1","0","0","1","FALSE"
"72","2","0","1","1","FALSE"
"53","2","0","1","1","FALSE"
"0","1","2","4","1","FALSE"
"66","1","0","0","1","FALSE"
"75","1","0","5","2","FALSE"
"0","0","2","4","0","FALSE"
"100","1","0","0","1","FALSE"
"0","1","0","2","1","FALSE"
"35","1","0","3","1","FALSE"
"21","1","0","1","1","FALSE"
"25","1","0","3","2","FALSE"
"29","1","0","1","1","FALSE"
"66","1","0","9","1","FALSE"
"0","2","0","7","1","FALSE"
"56","2","0","4","1","FALSE"
"81","2","2","1","1","FALSE"
"100","1","0","2","1","FALSE"
"65","1","0","9","1","FALSE"
"75","1","0","5","1","FALSE"
"100","2","0","0","1","FALSE"
"41","3","0","3","2","FALSE"
"81","1","0","1","1","FALSE"
"0","0","1","0","0","FALSE"
"0","1","0","0","2","FALSE"
"50","1","0","0","2","FALSE"
"0","1","0","1","1","FALSE"
"0","1","0","1","1","FALSE"
"60","2","0","33","2","FALSE"
"0","2","0","2","1","FALSE"
"71","2","0","15","1","FALSE"
"0","0","2","0","0","FALSE"
"50","1","0","0","2","FALSE"
"0","1","0","0","2","FALSE"
"50","1","0","4","2","FALSE"
"33","1","0","0","2","FALSE"
"75","1","0","1","2","FALSE"
"86","1","0","25","1","FALSE"
"0","0","3","0","0","FALSE"
"33","1","0","0","1","FALSE"
"0","2","0","1","1","FALSE"
"0","2","0","2","1","FALSE"
"0","2","0","2","1","FALSE"
"17","2","0","12","1","FALSE"
"0","2","0","2","1","FALSE"
"0","2","0","3","1","FALSE"
"54","2","0","16","1","FALSE"
"0","0","1","0","0","FALSE"
"70","1","0","0","2","FALSE"
"56","2","0","1","1","FALSE"
"91","2","0","17","2","FALSE"
"0","0","2","0","0","FALSE"
"88","1","0","3","2","FALSE"
"94","1","0","0","1","FALSE"
"96","2","0","0","1","FALSE"
"0","3","0","5","1","FALSE"
"57","1","0","4","1","FALSE"
"82","2","4","2","1","FALSE"
"71","3","0","6","2","FALSE"
"0","0","3","1","0","FALSE"
"63","2","0","4","1","FALSE"
"0","3","0","6","1","FALSE"
"0","3","0","6","2","FALSE"
"83","2","3","6","3","FALSE"
"72","1","0","10","1","FALSE"
"0","1","0","3","1","FALSE"
"71","3","0","4","1","FALSE"
"88","1","3","2","2","FALSE"
"60","3","0","4","1","FALSE"
"62","3","0","4","1","FALSE"
"0","2","0","0","1","FALSE"
"62","2","0","8","1","FALSE"
"33","1","0","3","1","FALSE"
"50","1","0","10","1","FALSE"
"66","2","0","1","1","FALSE"
"96","2","0","3","1","FALSE"
"98","2","0","4","1","FALSE"
"75","2","0","20","2","FALSE"
"75","2","0","20","2","FALSE"
"0","2","0","0","1","FALSE"
"60","2","0","1","1","FALSE"
"94","1","0","1","1","FALSE"
"0","1","0","3","2","FALSE"
"88","1","0","0","1","FALSE"
"0","1","0","3","2","FALSE"
"22","2","0","3","1","FALSE"
"25","2","0","3","1","FALSE"
"0","2","0","3","1","FALSE"
"0","2","0","3","1","FALSE"
"19","2","0","4","1","FALSE"
"19","2","0","4","1","FALSE"
"92","4","0","8","1","FALSE"
"94","1","0","2","1","FALSE"
"71","4","0","7","1","FALSE"
"95","1","0","6","2","FALSE"
"50","1","0","16","2","FALSE"
"75","2","0","18","2","FALSE"
"81","1","0","0","1","FALSE"
"60","4","0","5","1","FALSE"
"72","1","0","10","1","FALSE"
"50","4","0","7","1","FALSE"
"75","3","0","12","1","FALSE"
"33","2","0","18","1","FALSE"
"0","1","0","7","2","FALSE"
"33","1","0","6","2","FALSE"
"25","1","0","4","2","FALSE"
"0","2","0","7","1","FALSE"
"12","2","0","10","2","FALSE"
"0","1","0","5","2","FALSE"
"0","1","0","4","2","FALSE"
"0","1","0","6","2","FALSE"
"40","1","0","5","2","FALSE"
"30","1","0","8","2","FALSE"
"0","1","0","3","2","FALSE"
"0","1","0","4","2","FALSE"
"0","1","7","2","2","FALSE"
"0","2","0","5","1","FALSE"
"0","2","0","4","1","FALSE"
"0","2","0","5","1","FALSE"
"0","2","0","5","1","FALSE"
"0","2","0","11","1","FALSE"
"0","1","2","2","1","FALSE"
"33","1","0","3","2","FALSE"
"0","2","0","6","1","FALSE"
"0","1","0","5","2","FALSE"
"0","1","0","9","2","FALSE"
"0","1","0","12","2","FALSE"
"50","1","0","7","2","FALSE"
"80","1","1","24","2","FALSE"
"0","2","0","10","1","FALSE"
"0","1","0","1","1","FALSE"
"0","0","6","2","0","FALSE"
"0","1","0","2","2","FALSE"
"0","2","0","0","1","FALSE"
"0","0","13","2","0","FALSE"
"0","1","0","2","2","FALSE"
"82","1","0","1","1","FALSE"
"89","2","0","20","1","FALSE"
"68","2","0","18","1","FALSE"
"0","1","0","4","1","FALSE"
"0","1","0","6","1","FALSE"
"33","1","0","0","1","FALSE"
"89","2","0","10","2","FALSE"
"0","0","2","0","0","FALSE"
"85","1","0","3","2","FALSE"
"56","2","0","1","1","FALSE"
"0","2","0","3","1","FALSE"
"84","1","0","0","1","FALSE"
"0","1","0","0","1","FALSE"
"0","1","0","2","1","FALSE"
"94","1","0","0","1","FALSE"
"96","2","0","0","1","FALSE"
"50","1","0","7","1","FALSE"
"66","1","0","6","1","FALSE"
"43","1","0","10","1","FALSE"
"50","3","0","16","2","FALSE"
"75","1","75","4","2","FALSE"
"33","4","0","2","1","FALSE"
"25","4","1","1","1","FALSE"
"53","4","0","1","1","FALSE"
"77","3","1","2","2","FALSE"
"12","3","3","0","1","FALSE"
"25","3","0","0","1","FALSE"
"0","2","2","0","1","FALSE"
"71","4","3","3","1","FALSE"
"33","4","0","1","1","FALSE"
"0","2","0","3","1","FALSE"
"72","4","0","3","1","FALSE"
"0","4","0","1","1","FALSE"
"0","5","2","1","1","FALSE"
"0","4","0","1","1","FALSE"
"0","6","0","1","1","FALSE"
"72","5","0","2","1","FALSE"
"0","1","0","0","1","FALSE"
"71","3","0","5","1","FALSE"
"21","2","0","1","1","FALSE"
"0","4","0","2","1","FALSE"
"74","1","0","0","1","FALSE"
"0","2","0","3","1","TRUE"
"71","2","1","9","1","FALSE"
"25","4","0","3","1","FALSE"
"89","4","0","8","1","FALSE"
"92","1","0","3","1","FALSE"
"45","2","0","8","1","TRUE"
"75","4","0","4","1","FALSE"
"64","4","7","3","2","FALSE"
"73","2","0","5","8","FALSE"
"0","1","2","0","1","FALSE"
"0","2","0","0","4","FALSE"
"0","1","2","0","1","FALSE"
"14","2","0","0","4","FALSE"
"0","1","2","1","1","FALSE"
"11","2","0","1","4","FALSE"
"0","1","2","0","1","FALSE"
"0","2","0","0","4","FALSE"
"0","1","2","0","1","FALSE"
"39","2","0","1","4","FALSE"
"0","1","2","0","1","FALSE"
"43","2","0","0","4","FALSE"
"0","3","65","0","1","FALSE"
"33","3","11","3","1","TRUE"
"0","2","34","1","2","FALSE"
"0","2","0","3","1","TRUE"
"0","5","0","1","1","TRUE"
"0","1","0","0","1","FALSE"
"88","1","3","5","2","FALSE"
"0","1","0","3","1","FALSE"
"71","1","0","0","1","FALSE"
"91","1","0","1","1","FALSE"
"81","1","0","2","2","FALSE"
"100","2","5","5","3","FALSE"
"0","2","3","1","1","FALSE"
"0","2","8","1","1","FALSE"
"100","1","0","0","1","FALSE"
"0","1","0","1","2","FALSE"
"25","1","0","1","2","FALSE"
"16","1","0","0","1","FALSE"
"53","2","0","7","1","FALSE"
"0","1","0","1","2","FALSE"
"59","1","0","4","2","TRUE"
"33","1","0","6","1","FALSE"
"56","1","2","2","1","FALSE"
"62","2","0","3","1","FALSE"
"37","1","0","2","1","FALSE"
"42","1","0","1","1","FALSE"
"69","2","0","23","1","FALSE"
"76","3","0","6","1","FALSE"
"61","1","0","5","1","FALSE"
"86","2","1","8","1","TRUE"
"0","2","0","0","1","FALSE"
"50","2","0","1","1","FALSE"
"54","2","0","1","1","FALSE"
"86","2","1","34","2","FALSE"
"0","1","1","3","1","FALSE"
"0","1","1","1","1","FALSE"
"83","1","2","4","1","FALSE"
"0","1","2","1","1","FALSE"
"0","1","2","3","1","FALSE"
"57","2","0","9","1","FALSE"
"22","2","0","2","1","FALSE"
"30","2","0","8","1","FALSE"
"50","2","0","11","1","FALSE"
"75","1","0","5","1","FALSE"
"77","2","0","19","1","FALSE"
"21","2","0","13","1","FALSE"
"22","2","0","18","1","FALSE"
"71","2","0","14","1","FALSE"
"95","2","5","39","2","TRUE"
"58","1","0","4","1","FALSE"
"7","1","0","0","1","FALSE"
"89","1","0","8","1","FALSE"
"68","1","0","1","1","FALSE"
"0","2","0","0","1","FALSE"
"62","2","0","2","1","FALSE"
"75","2","0","20","2","FALSE"
"75","1","0","9","1","FALSE"
"0","2","4","11","2","FALSE"
"0","1","1","1","1","FALSE"
"58","2","0","16","1","FALSE"
"0","1","1","2","1","FALSE"
"52","2","0","9","1","FALSE"
"0","1","1","0","1","FALSE"
"56","2","0","10","1","FALSE"
"66","1","1","2","1","FALSE"
"70","2","0","9","1","FALSE"
"44","1","0","12","1","FALSE"
"93","2","0","22","1","FALSE"
"75","2","0","12","2","FALSE"
"80","2","0","7","1","FALSE"
"0","1","3","1","1","FALSE"
"0","0","11","0","0","FALSE"
"81","2","0","9","2","TRUE"
"58","1","0","1","2","FALSE"
"97","1","0","1","1","FALSE"
"94","1","7","23","3","TRUE"
"96","1","8","40","2","TRUE"
"28","1","0","1","1","FALSE"
"83","1","1","4","1","FALSE"
"0","1","1","1","1","FALSE"
"0","1","1","4","1","FALSE"
"0","1","1","4","1","FALSE"
"0","1","1","0","1","FALSE"
"0","1","1","3","1","FALSE"
"0","1","0","0","2","FALSE"
"83","3","1","2","1","FALSE"
"75","3","1","2","1","FALSE"
"89","2","2","6","1","FALSE"
"0","1","0","3","1","FALSE"
"88","2","1","5","2","FALSE"
"0","1","3","2","1","FALSE"
"62","2","1","3","1","FALSE"
"44","1","1","2","1","FALSE"
"78","2","0","6","2","FALSE"
"76","2","0","16","2","FALSE"
"75","2","0","12","1","FALSE"
"57","2","0","7","2","FALSE"
"83","2","0","7","1","FALSE"
"87","2","1","15","2","FALSE"
"35","1","0","1","3","FALSE"
"70","2","0","2","1","FALSE"
"0","1","2","1","1","FALSE"
"0","3","0","6","1","FALSE"
"0","3","0","1","1","FALSE"
"50","2","0","0","1","FALSE"
"77","1","0","7","1","FALSE"
"93","2","4","10","2","FALSE"
"67","1","0","5","1","FALSE"
"0","2","0","2","1","FALSE"
"81","1","2","35","2","FALSE"
"90","2","1","35","2","TRUE"
"74","1","2","13","2","FALSE"
"77","2","0","7","2","FALSE"
"68","2","0","5","2","FALSE"
"44","2","0","1","2","FALSE"
"54","1","1","0","2","FALSE"
"43","1","0","2","1","FALSE"
"0","2","1","3","1","FALSE"
"55","2","0","2","2","FALSE"
"64","2","0","2","1","FALSE"
"0","2","0","0","1","FALSE"
"68","2","0","13","1","TRUE"
"44","1","0","9","1","FALSE"
"25","1","0","1","3","FALSE"
"50","1","0","6","2","FALSE"
"0","2","7","2","1","FALSE"
"0","1","7","1","2","FALSE"
"0","0","4","0","0","FALSE"
"25","1","0","0","1","TRUE"
"83","1","0","11","1","TRUE"
"78","1","0","8","1","FALSE"
"0","3","7","0","1","FALSE"
"0","1","3","1","1","FALSE"
"63","2","0","14","1","FALSE"
"85","1","2","5","1","FALSE"
"0","1","2","2","1","FALSE"
"0","1","2","4","1","FALSE"
"78","2","0","18","1","FALSE"
"67","2","0","15","1","FALSE"
"72","1","0","1","1","FALSE"
"0","1","0","1","2","FALSE"
"71","1","6","1","1","FALSE"
"58","1","0","0","2","FALSE"
"81","2","0","11","2","FALSE"
"70","2","0","20","1","TRUE"
"65","2","0","22","1","FALSE"
"81","2","0","12","1","FALSE"
"25","1","0","11","1","FALSE"
"0","1","0","0","1","FALSE"
"0","2","1","0","1","FALSE"
"80","1","0","1","2","FALSE"
"81","1","2","1","2","FALSE"
"0","0","2","1","0","FALSE"
"0","0","1","0","0","FALSE"
"70","1","0","0","2","FALSE"
"66","2","0","9","1","FALSE"
"56","2","0","1","1","FALSE"
"100","2","6","36","2","FALSE"
"0","0","2","0","0","FALSE"
"88","1","0","3","2","FALSE"
"94","1","0","0","1","FALSE"
"96","2","0","0","1","FALSE"
"100","2","3","2","2","FALSE"
"77","2","2","12","2","FALSE"
"91","3","0","6","1","FALSE"
"76","3","0","8","2","FALSE"
"66","3","0","3","1","FALSE"
"61","2","1","4","1","FALSE"
"0","1","38","2","1","FALSE"
"50","2","0","0","1","FALSE"
"47","3","1","2","2","FALSE"
"60","3","0","10","1","FALSE"
"66","2","15","1","1","FALSE"
"50","2","0","10","2","FALSE"
"47","3","0","1","1","FALSE"
"71","3","1","2","1","FALSE"
"100","1","10","1","2","FALSE"
"100","1","11","0","1","FALSE"
"0","4","0","5","1","FALSE"
"79","1","5","0","2","FALSE"
"100","3","6","10","2","TRUE"
"70","2","8","21","2","TRUE"
"79","2","7","9","2","FALSE"
"66","2","1","5","1","FALSE"
"63","2","16","4","1","FALSE"
"0","1","5","1","2","FALSE"
"33","2","0","0","1","FALSE"
"50","2","0","3","1","FALSE"
"66","3","2","7","1","FALSE"
"0","1","23","2","2","TRUE"
"25","2","4","1","2","FALSE"
"30","2","2","0","1","FALSE"
"66","2","0","8","2","FALSE"
"50","2","8","1","1","FALSE"
"71","1","0","3","2","FALSE"
"33","3","0","4","2","FALSE"
"66","3","6","10","1","FALSE"
"85","1","8","1","1","FALSE"
"37","2","5","3","1","FALSE"
"80","3","0","6","1","FALSE"
"33","3","0","4","2","FALSE"
"33","3","0","4","2","FALSE"
"40","2","0","4","2","FALSE"
"40","2","0","4","2","FALSE"
"33","3","0","4","2","FALSE"
"0","1","4","2","2","FALSE"
"61","3","1","11","1","FALSE"
"69","3","0","11","2","TRUE"
"70","3","0","3","1","FALSE"
"33","2","0","1","1","FALSE"
"80","2","2","21","1","FALSE"
"85","3","0","9","1","FALSE"
"68","2","0","14","1","FALSE"
"83","2","1","21","2","FALSE"
"86","3","7","12","2","TRUE"
"0","3","3","8","1","FALSE"
"0","3","0","1","1","FALSE"
"77","3","0","6","2","TRUE"
"27","3","2","18","2","FALSE"
"0","2","0","0","1","FALSE"
"0","2","0","0","1","FALSE"
"0","2","0","0","1","FALSE"
"0","1","3","0","2","FALSE"
"57","4","0","8","1","FALSE"
"50","1","0","15","1","FALSE"
"67","4","0","11","1","FALSE"
"60","1","0","2","1","FALSE"
"68","2","0","13","1","FALSE"
"0","2","0","1","1","FALSE"
"71","3","3","6","1","FALSE"
"30","2","0","3","1","FALSE"
"0","3","0","2","1","FALSE"
"0","3","0","5","1","FALSE"
"50","3","0","2","1","FALSE"
"71","1","21","7","3","TRUE"
"60","1","0","4","2","FALSE"
"0","2","0","5","2","FALSE"
"33","3","0","0","1","FALSE"
"30","3","0","0","1","FALSE"
"58","3","0","2","1","FALSE"
"0","1","3","0","2","FALSE"
"60","2","22","2","1","FALSE"
"0","2","2","12","1","FALSE"
"90","1","4","13","2","FALSE"
"91","1","5","6","2","FALSE"
"0","2","2","1","1","FALSE"
"50","3","0","2","1","FALSE"
"65","4","0","5","1","FALSE"
"77","1","0","1","2","FALSE"
"79","1","0","22","2","FALSE"
"0","2","3","2","1","FALSE"
"37","1","0","1","1","FALSE"
"25","3","0","8","1","FALSE"
"50","3","0","6","1","TRUE"
"79","2","0","4","2","FALSE"
"80","2","0","7","1","FALSE"
"31","3","0","3","2","FALSE"
"60","3","2","6","2","FALSE"
"59","3","0","3","2","FALSE"
"50","3","0","3","2","FALSE"
"0","2","8","5","1","FALSE"
"0","1","9","0","1","FALSE"
"59","3","3","4","1","FALSE"
"0","3","2","5","1","FALSE"
"64","2","2","11","1","FALSE"
"63","2","0","3","1","FALSE"
"68","2","1","12","1","FALSE"
"0","3","0","1","1","FALSE"
"52","3","0","4","1","FALSE"
"50","3","0","3","1","FALSE"
"64","3","0","4","1","FALSE"
"77","2","0","4","1","FALSE"
"58","1","2","1","2","FALSE"
"47","2","4","3","1","FALSE"
"78","6","3","20","1","FALSE"
"0","2","0","2","1","FALSE"
"80","4","2","8","1","FALSE"
"0","1","12","4","2","FALSE"
"52","3","0","7","1","FALSE"
"62","3","0","2","1","FALSE"
"0","2","0","0","1","FALSE"
"66","2","5","0","1","FALSE"
"63","2","1","0","1","FALSE"
"37","2","0","0","1","FALSE"
"40","2","0","0","1","FALSE"
"86","1","8","7","2","FALSE"
"76","2","0","2","1","FALSE"
"86","2","3","10","2","FALSE"
"0","2","2","0","1","FALSE"
"88","1","11","0","3","FALSE"
"94","1","5","3","2","FALSE"
"75","1","9","2","1","FALSE"
"50","1","5","1","1","FALSE"
"0","2","0","0","1","FALSE"
"0","2","0","0","1","FALSE"
"0","1","0","5","1","FALSE"
"0","1","0","0","1","FALSE"
"80","3","0","8","2","FALSE"
"83","3","0","2","1","FALSE"
"56","4","0","6","1","FALSE"
"66","2","0","2","1","FALSE"
"0","2","0","0","1","FALSE"
"69","2","3","7","2","TRUE"
"81","1","1","1","2","TRUE"
"53","2","1","2","2","FALSE"
"63","2","1","1","1","TRUE"
"57","3","1","5","1","FALSE"
"30","3","0","2","1","FALSE"
"9","2","0","2","1","FALSE"
"50","2","0","2","1","FALSE"
"0","1","0","0","1","FALSE"
"0","0","26","0","0","FALSE"
"0","1","24","0","4","FALSE"
"100","2","4","4","2","TRUE"
"75","2","0","0","2","FALSE"
"78","1","0","0","1","FALSE"
"50","1","0","3","2","FALSE"
"14","2","2","1","2","FALSE"
"0","3","0","1","2","FALSE"
"37","3","2","1","1","FALSE"
"37","1","2","0","2","FALSE"
"100","1","0","1","1","FALSE"
"25","2","0","2","1","FALSE"
"100","1","0","0","2","FALSE"
"75","1","0","9","1","FALSE"
"71","1","0","1","1","FALSE"
"0","1","0","0","1","FALSE"
"0","1","1","0","1","FALSE"
"53","1","0","0","2","FALSE"
"94","1","2","2","1","FALSE"
"40","2","1","4","3","FALSE"
"0","3","0","1","1","FALSE"
"56","2","0","1","1","FALSE"
"50","1","0","0","2","FALSE"
"47","1","15","0","1","FALSE"
"75","1","0","2","1","FALSE"
"0","1","0","1","1","FALSE"
"51","1","0","3","1","FALSE"
"0","2","0","2","1","FALSE"
"0","1","0","0","1","FALSE"
"90","2","0","3","2","FALSE"
"90","1","0","0","1","FALSE"
"75","1","0","2","1","FALSE"
"0","1","1","0","1","FALSE"
"0","2","0","0","1","FALSE"
"0","1","0","0","1","FALSE"
"83","1","0","2","1","FALSE"
"100","1","0","0","1","FALSE"
"0","3","56","7","1","FALSE"
"33","4","0","13","1","TRUE"
"0","4","0","5","1","TRUE"
"50","4","0","16","2","TRUE"
"33","3","0","1","1","FALSE"
"0","4","0","4","1","FALSE"
"0","4","0","5","1","TRUE"
"62","4","0","23","1","TRUE"
"0","4","0","5","1","TRUE"
"0","4","0","6","1","TRUE"
"66","4","0","5","1","FALSE"
"0","4","0","6","1","TRUE"
"16","4","0","3","1","FALSE"
"70","4","0","6","1","FALSE"
"83","4","0","7","1","TRUE"
"56","4","0","16","2","TRUE"
"0","3","1","14","2","FALSE"
"0","3","0","7","1","FALSE"
"0","3","0","2","1","FALSE"
"50","3","0","13","1","FALSE"
"0","4","0","2","1","FALSE"
"88","3","0","18","1","FALSE"
"0","3","0","1","1","FALSE"
"99","1","0","14","1","TRUE"
"60","3","0","0","1","FALSE"
"0","3","0","19","1","TRUE"
"62","3","2","18","1","TRUE"
"90","3","0","26","2","TRUE"
"0","3","0","5","1","FALSE"
"0","3","0","18","1","TRUE"
"43","3","0","9","1","FALSE"
"16","3","0","16","1","TRUE"
"0","3","0","12","1","TRUE"
"70","3","0","27","2","TRUE"
"76","3","1","21","1","FALSE"
"71","3","0","14","1","TRUE"
"60","3","0","27","2","TRUE"
"33","3","0","6","1","FALSE"
"61","3","0","19","2","TRUE"
"0","3","0","16","1","TRUE"
"0","3","0","16","1","TRUE"
"0","3","0","2","1","FALSE"
"0","3","0","46","1","TRUE"
"0","3","0","20","1","TRUE"
"82","3","0","20","1","FALSE"
"92","3","8","30","2","TRUE"
"97","4","2","72","2","TRUE"
"0","3","0","22","2","TRUE"
"50","3","0","10","1","TRUE"
"0","3","0","5","1","FALSE"
"0","3","0","14","1","TRUE"
"0","3","0","11","1","FALSE"
"74","3","0","25","2","TRUE"
"80","3","0","13","2","TRUE"
"63","3","0","20","1","TRUE"
"25","4","0","16","1","TRUE"
"0","4","0","4","1","FALSE"
"75","3","0","15","1","FALSE"
"100","3","0","8","1","TRUE"
"61","3","5","25","2","FALSE"
"84","3","0","25","1","FALSE"
"0","3","0","13","1","TRUE"
"0","3","0","13","1","TRUE"
"50","4","0","22","2","TRUE"
"41","3","0","3","1","FALSE"
"46","3","0","14","1","FALSE"
"56","3","0","15","1","FALSE"
"75","3","0","17","1","TRUE"
"50","3","0","15","1","TRUE"
"62","3","2","13","1","TRUE"
"86","3","0","19","2","TRUE"
"0","3","0","1","1","FALSE"
"16","3","0","14","2","FALSE"
"75","3","0","24","2","FALSE"
"60","3","0","17","2","TRUE"
"40","3","0","15","2","TRUE"
"58","3","2","14","1","TRUE"
"0","3","0","1","1","FALSE"
"100","2","0","0","1","FALSE"
"0","2","0","4","1","FALSE"
"100","4","0","7","1","FALSE"
"50","3","0","25","1","FALSE"
"97","4","0","43","2","TRUE"
"72","3","3","8","1","TRUE"
"66","3","0","2","1","FALSE"
"90","3","0","10","1","FALSE"
"85","3","3","12","1","FALSE"
"0","3","0","4","1","FALSE"
"0","4","0","16","1","FALSE"
"33","3","0","2","1","FALSE"
"0","4","0","14","1","FALSE"
"0","4","0","14","1","FALSE"
"0","4","0","14","2","FALSE"
"0","2","0","3","1","FALSE"
"50","4","0","12","1","TRUE"
"81","4","0","21","2","TRUE"
"81","4","0","28","1","TRUE"
"50","1","0","17","2","TRUE"
"0","2","0","3","1","FALSE"
"0","4","0","4","1","FALSE"
"52","3","0","28","1","TRUE"
"50","3","0","19","2","TRUE"
"75","3","0","22","1","TRUE"
"82","4","0","27","1","TRUE"
"0","4","1","2","1","FALSE"
"0","5","0","2","1","FALSE"
"91","3","0","29","2","TRUE"
"62","3","1","22","1","FALSE"
"19","4","0","12","1","FALSE"
"84","3","1","33","2","TRUE"
"90","3","0","24","2","TRUE"
"51","3","0","19","1","FALSE"
"0","3","0","20","1","TRUE"
"0","3","0","20","1","TRUE"
"66","3","0","21","2","TRUE"
"0","3","0","17","2","FALSE"
"0","4","1","13","2","FALSE"
"0","5","0","2","1","FALSE"
"78","3","0","22","2","FALSE"
"0","3","0","18","1","TRUE"
"33","3","0","20","1","TRUE"
"67","3","0","27","1","TRUE"
"50","3","0","13","2","TRUE"
"0","3","0","17","2","TRUE"
"61","3","0","25","2","TRUE"
"90","3","3","25","1","TRUE"
"37","3","0","10","1","TRUE"
"0","4","0","19","1","TRUE"
"0","3","0","15","1","FALSE"
"61","3","0","26","2","TRUE"
"50","3","0","19","1","TRUE"
"0","3","0","22","1","TRUE"
"66","3","0","24","1","FALSE"
"0","3","0","23","1","TRUE"
"0","3","1","25","2","FALSE"
"85","3","0","19","1","FALSE"
"88","4","0","27","2","TRUE"
"66","3","0","13","2","TRUE"
"0","3","0","14","1","TRUE"
"0","3","0","15","1","TRUE"
"93","3","0","28","1","TRUE"
"95","3","0","26","1","TRUE"
"0","4","0","3","1","FALSE"
"0","3","0","16","1","TRUE"
"60","3","0","26","2","TRUE"
"25","4","0","28","2","TRUE"
"19","3","0","9","1","FALSE"
"0","3","0","16","1","TRUE"
"0","3","0","18","1","TRUE"
"0","3","0","14","1","TRUE"
"0","3","0","2","1","TRUE"
"0","3","0","21","1","FALSE"
"66","3","0","4","1","FALSE"
"66","3","1","21","2","TRUE"
"50","3","0","14","2","TRUE"
"50","3","0","17","2","TRUE"
"0","4","1","31","1","FALSE"
"0","5","0","2","1","FALSE"
"85","3","0","14","1","TRUE"
"85","3","0","31","2","TRUE"
"0","3","0","18","1","TRUE"
"0","4","0","19","1","TRUE"
"57","4","0","16","1","TRUE"
"50","3","0","18","2","TRUE"
"54","3","0","29","1","TRUE"
"75","3","0","12","2","TRUE"
"87","3","0","18","2","TRUE"
"84","3","0","14","1","FALSE"
"0","3","0","14","1","FALSE"
"0","3","0","26","1","TRUE"
"0","1","0","2","1","FALSE"
"86","3","11","6","1","TRUE"
"33","3","0","2","1","FALSE"
"60","3","0","3","1","FALSE"
"77","3","0","23","1","TRUE"
"0","3","0","13","1","TRUE"
"0","3","0","9","1","TRUE"
"0","3","0","3","1","TRUE"
"66","3","0","2","1","FALSE"
"66","3","0","21","1","TRUE"
"75","3","0","16","2","TRUE"
"66","3","0","11","1","FALSE"
"0","3","0","18","1","FALSE"
"0","3","0","11","1","TRUE"
"0","3","0","17","1","TRUE"
"76","3","0","17","1","TRUE"
"83","3","0","18","2","FALSE"
"0","1","0","6","1","FALSE"
"0","3","0","1","1","FALSE"
"0","3","0","2","1","TRUE"
"0","1","0","0","1","FALSE"
"57","3","5","0","1","FALSE"
"83","2","171","5","1","FALSE"
"0","3","0","15","1","FALSE"
"88","3","0","3","1","FALSE"
"66","3","0","2","1","FALSE"
"41","3","0","14","1","TRUE"
"71","3","0","1","1","FALSE"
"0","3","0","2","2","FALSE"
"40","3","0","4","1","FALSE"
"0","3","0","2","1","FALSE"
"66","2","0","2","1","FALSE"
"0","3","0","1","1","FALSE"
"90","3","0","2","1","FALSE"
"0","3","0","1","1","FALSE"
"55","3","0","2","2","FALSE"
"0","3","0","1","1","FALSE"
